{"cameraMode":{"drawMode":0,"name":"Shaded","section":"Shading Mode"},"sceneLighting":true,"audioPlay":false,"sceneViewState":{"showFog":true,"showMaterialUpdate":false,"showSkybox":true,"showFlares":true,"showImageEffects":true,"showParticleSystems":true},"in2DMode":false,"pivot":{"x":4.130837440490723,"y":-0.969853401184082,"z":2.47479248046875},"rotation":{"x":0.14013317227363587,"y":-0.25388598442077639,"z":0.03720340132713318,"w":0.9563056826591492},"size":13.472739219665528,"orthographic":false}